cancer,model,seed,cindex
BLCA,CoxLasso,0,0.60773085182534
BLCA,CoxLasso,1,0.5866574965612105
BLCA,CoxLasso,2,0.7041351193942924
BLCA,CoxLasso,3,0.5847803881511746
BLCA,CoxLasso,4,0.5603833865814697
BLCA,CoxLasso,5,0.6124183006535948
BLCA,CoxLasso,6,0.5818530964954393
BLCA,CoxLasso,7,0.6119500984898227
BLCA,CoxLasso,8,0.6716503737780334
BLCA,CoxLasso,9,0.5836842105263158
BLCA,CoxRidge,0,0.6062992125984252
BLCA,CoxRidge,1,0.5887207702888583
BLCA,CoxRidge,2,0.7041351193942924
BLCA,CoxRidge,3,0.5847803881511746
BLCA,CoxRidge,4,0.5603833865814697
BLCA,CoxRidge,5,0.6183006535947713
BLCA,CoxRidge,6,0.5813730196831493
BLCA,CoxRidge,7,0.6172028890347997
BLCA,CoxRidge,8,0.6728004600345026
BLCA,CoxRidge,9,0.5847368421052631
BLCA,Coxnnet,0,0.6463851109520401
BLCA,Coxnnet,1,0.6045392022008254
BLCA,Coxnnet,2,0.7303436225975539
BLCA,Coxnnet,3,0.5960163432073544
BLCA,Coxnnet,4,0.5884984025559106
BLCA,Coxnnet,5,0.6888888888888889
BLCA,Coxnnet,6,0.5962554008641383
BLCA,Coxnnet,7,0.66973079448457
BLCA,Coxnnet,8,0.723404255319149
BLCA,Coxnnet,9,0.6521052631578947
BLCA,CoxMLP,0,0.6156048675733715
BLCA,CoxMLP,1,0.6341127922971114
BLCA,CoxMLP,2,0.7227722772277227
BLCA,CoxMLP,3,0.618488253319714
BLCA,CoxMLP,4,0.6006389776357828
BLCA,CoxMLP,5,0.6993464052287581
BLCA,CoxMLP,6,0.5943350936149784
BLCA,CoxMLP,7,0.6585686145764937
BLCA,CoxMLP,8,0.7119033927544566
BLCA,CoxMLP,9,0.6521052631578947
BLCA,VAECox,0,0.6241947029348605
BLCA,VAECox,1,0.6203576341127923
BLCA,VAECox,2,0.7134536983110076
BLCA,VAECox,3,0.6210418794688458
BLCA,VAECox,4,0.6421725239616614
BLCA,VAECox,5,0.7457516339869281
BLCA,VAECox,6,0.5952952472395583
BLCA,VAECox,7,0.6414970453053185
BLCA,VAECox,8,0.7119033927544566
BLCA,VAECox,9,0.7078947368421052
BRCA,CoxLasso,0,0.7327935222672065
BRCA,CoxLasso,1,0.5281730221969266
BRCA,CoxLasso,2,0.660844250363901
BRCA,CoxLasso,3,0.6351267779839208
BRCA,CoxLasso,4,0.6246648793565683
BRCA,CoxLasso,5,0.648695652173913
BRCA,CoxLasso,6,0.761699064074874
BRCA,CoxLasso,7,0.6649572649572649
BRCA,CoxLasso,8,0.7209856915739269
BRCA,CoxLasso,9,0.7527950310559006
BRCA,CoxRidge,0,0.7399910031488979
BRCA,CoxRidge,1,0.537279453614115
BRCA,CoxRidge,2,0.6615720524017468
BRCA,CoxRidge,3,0.6329622758194187
BRCA,CoxRidge,4,0.6273458445040214
BRCA,CoxRidge,5,0.6532173913043479
BRCA,CoxRidge,6,0.7782577393808495
BRCA,CoxRidge,7,0.6662393162393162
BRCA,CoxRidge,8,0.7448330683624801
BRCA,CoxRidge,9,0.7552795031055901
BRCA,Coxnnet,0,0.7872244714349977
BRCA,Coxnnet,1,0.6664769493454752
BRCA,Coxnnet,2,0.6804949053857351
BRCA,Coxnnet,3,0.6283240568954854
BRCA,Coxnnet,4,0.6985829184220606
BRCA,Coxnnet,5,0.6695652173913044
BRCA,Coxnnet,6,0.7692584593232541
BRCA,Coxnnet,7,0.6512820512820513
BRCA,Coxnnet,8,0.7170111287758346
BRCA,Coxnnet,9,0.7198757763975155
BRCA,CoxMLP,0,0.7917228969860549
BRCA,CoxMLP,1,0.5577689243027888
BRCA,CoxMLP,2,0.618995633187773
BRCA,CoxMLP,3,0.6617192331478046
BRCA,CoxMLP,4,0.6641133665262352
BRCA,CoxMLP,5,0.6907826086956522
BRCA,CoxMLP,6,0.7361411087113031
BRCA,CoxMLP,7,0.6611111111111111
BRCA,CoxMLP,8,0.6677265500794912
BRCA,CoxMLP,9,0.7391304347826086
BRCA,VAECox,0,0.7908232118758435
BRCA,VAECox,1,0.6334661354581673
BRCA,VAECox,2,0.61863173216885
BRCA,VAECox,3,0.6576994434137291
BRCA,VAECox,4,0.6786671773266948
BRCA,VAECox,5,0.58
BRCA,VAECox,6,0.7044636429085673
BRCA,VAECox,7,0.7076923076923077
BRCA,VAECox,8,0.6001589825119237
BRCA,VAECox,9,0.739751552795031
HNSC,CoxLasso,0,0.6337475474166122
HNSC,CoxLasso,1,0.6330134357005758
HNSC,CoxLasso,2,0.6179315476190477
HNSC,CoxLasso,3,0.6534576534576535
HNSC,CoxLasso,4,0.6240805265195509
HNSC,CoxLasso,5,0.5917329093799683
HNSC,CoxLasso,6,0.6276984390567918
HNSC,CoxLasso,7,0.6142912024587015
HNSC,CoxLasso,8,0.612967251075091
HNSC,CoxLasso,9,0.6192468619246861
HNSC,CoxRidge,0,0.6438848920863309
HNSC,CoxRidge,1,0.6314779270633397
HNSC,CoxRidge,2,0.6309523809523809
HNSC,CoxRidge,3,0.662004662004662
HNSC,CoxRidge,4,0.6306620209059234
HNSC,CoxRidge,5,0.5949125596184419
HNSC,CoxRidge,6,0.6340086350049817
HNSC,CoxRidge,7,0.6358048405685747
HNSC,CoxRidge,8,0.6076744955342375
HNSC,CoxRidge,9,0.6262203626220363
HNSC,Coxnnet,0,0.6530412034009156
HNSC,Coxnnet,1,0.5420345489443378
HNSC,Coxnnet,2,0.5770089285714286
HNSC,Coxnnet,3,0.6355866355866356
HNSC,Coxnnet,4,0.6194347657762292
HNSC,Coxnnet,5,0.5793322734499206
HNSC,Coxnnet,6,0.6144138160079707
HNSC,Coxnnet,7,0.6361890126776796
HNSC,Coxnnet,8,0.5954349983460139
HNSC,Coxnnet,9,0.643305439330544
HNSC,CoxMLP,0,0.6370176586003924
HNSC,CoxMLP,1,0.5550863723608446
HNSC,CoxMLP,2,0.5595238095238095
HNSC,CoxMLP,3,0.655011655011655
HNSC,CoxMLP,4,0.6391792489353465
HNSC,CoxMLP,5,0.5583465818759936
HNSC,CoxMLP,6,0.6253736300232481
HNSC,CoxMLP,7,0.6338839800230504
HNSC,CoxMLP,8,0.5673172345352299
HNSC,CoxMLP,9,0.6436541143654114
HNSC,VAECox,0,0.6344015696533682
HNSC,VAECox,1,0.6046065259117083
HNSC,VAECox,2,0.6201636904761905
HNSC,VAECox,3,0.6072261072261073
HNSC,VAECox,4,0.6600851722802943
HNSC,VAECox,5,0.5640699523052464
HNSC,VAECox,6,0.617734971770176
HNSC,VAECox,7,0.6258163657318478
HNSC,VAECox,8,0.5762487595104201
HNSC,VAECox,9,0.6147140864714087
KIRC,CoxLasso,0,0.7017283950617283
KIRC,CoxLasso,1,0.6247987117552335
KIRC,CoxLasso,2,0.7133907595927956
KIRC,CoxLasso,3,0.7602179836512262
KIRC,CoxLasso,4,0.6996957844415471
KIRC,CoxLasso,5,0.69362292051756
KIRC,CoxLasso,6,0.7005163511187608
KIRC,CoxLasso,7,0.7700854700854701
KIRC,CoxLasso,8,0.743733794295592
KIRC,CoxLasso,9,0.6225854383358098
KIRC,CoxRidge,0,0.7012345679012346
KIRC,CoxRidge,1,0.6239935587761675
KIRC,CoxRidge,2,0.7133907595927956
KIRC,CoxRidge,3,0.759763851044505
KIRC,CoxRidge,4,0.6996957844415471
KIRC,CoxRidge,5,0.6926987060998152
KIRC,CoxRidge,6,0.7013769363166954
KIRC,CoxRidge,7,0.767948717948718
KIRC,CoxRidge,8,0.7433016421780466
KIRC,CoxRidge,9,0.6225854383358098
KIRC,Coxnnet,0,0.734320987654321
KIRC,Coxnnet,1,0.7302737520128825
KIRC,Coxnnet,2,0.7270947533281128
KIRC,Coxnnet,3,0.7851952770208901
KIRC,Coxnnet,4,0.8061712299000434
KIRC,Coxnnet,5,0.7287430683918669
KIRC,Coxnnet,6,0.7147160068846816
KIRC,Coxnnet,7,0.7901709401709401
KIRC,Coxnnet,8,0.799913569576491
KIRC,Coxnnet,9,0.7139673105497771
KIRC,CoxMLP,0,0.702716049382716
KIRC,CoxMLP,1,0.6912238325281803
KIRC,CoxMLP,2,0.7145653876272514
KIRC,CoxMLP,3,0.762488646684832
KIRC,CoxMLP,4,0.7870491090830074
KIRC,CoxMLP,5,0.7324399260628466
KIRC,CoxMLP,6,0.7043889845094664
KIRC,CoxMLP,7,0.7700854700854701
KIRC,CoxMLP,8,0.7605877268798618
KIRC,CoxMLP,9,0.6827637444279346
KIRC,VAECox,0,0.6859259259259259
KIRC,VAECox,1,0.679549114331723
KIRC,VAECox,2,0.6906812842599843
KIRC,VAECox,3,0.7593097184377838
KIRC,VAECox,4,0.7344632768361582
KIRC,VAECox,5,0.7356746765249538
KIRC,VAECox,6,0.7056798623063684
KIRC,VAECox,7,0.7632478632478632
KIRC,VAECox,8,0.7610198789974071
KIRC,VAECox,9,0.7039375928677564
LGG,CoxLasso,0,0.6842105263157895
LGG,CoxLasso,1,0.8548895899053628
LGG,CoxLasso,2,0.8633474576271186
LGG,CoxLasso,3,0.8669275929549902
LGG,CoxLasso,4,0.8553519768563163
LGG,CoxLasso,5,0.7768860353130016
LGG,CoxLasso,6,0.8216867469879519
LGG,CoxLasso,7,0.8282208588957055
LGG,CoxLasso,8,0.7134071340713407
LGG,CoxLasso,9,0.8322981366459627
LGG,CoxRidge,0,0.6850328947368421
LGG,CoxRidge,1,0.8548895899053628
LGG,CoxRidge,2,0.864406779661017
LGG,CoxRidge,3,0.8679060665362035
LGG,CoxRidge,4,0.8572806171648988
LGG,CoxRidge,5,0.7784911717495987
LGG,CoxRidge,6,0.8208835341365461
LGG,CoxRidge,7,0.8282208588957055
LGG,CoxRidge,8,0.7134071340713407
LGG,CoxRidge,9,0.8322981366459627
LGG,Coxnnet,0,0.7327302631578947
LGG,Coxnnet,1,0.8429022082018928
LGG,Coxnnet,2,0.850635593220339
LGG,Coxnnet,3,0.8268101761252447
LGG,Coxnnet,4,0.8273866923818708
LGG,Coxnnet,5,0.790529695024077
LGG,Coxnnet,6,0.8377510040160643
LGG,Coxnnet,7,0.8045574057843996
LGG,Coxnnet,8,0.7589175891758918
LGG,Coxnnet,9,0.8589174800354925
LGG,CoxMLP,0,0.6866776315789473
LGG,CoxMLP,1,0.8466876971608833
LGG,CoxMLP,2,0.8591101694915254
LGG,CoxMLP,3,0.850293542074364
LGG,CoxMLP,4,0.8707810993249759
LGG,CoxMLP,5,0.7961476725521669
LGG,CoxMLP,6,0.8514056224899599
LGG,CoxMLP,7,0.7791411042944786
LGG,CoxMLP,8,0.7773677736777368
LGG,CoxMLP,9,0.8429458740017747
LGG,VAECox,0,0.759046052631579
LGG,VAECox,1,0.7791798107255521
LGG,VAECox,2,0.8622881355932204
LGG,VAECox,3,0.8424657534246576
LGG,VAECox,4,0.8071359691417551
LGG,VAECox,5,0.7897271268057785
LGG,VAECox,6,0.757429718875502
LGG,VAECox,7,0.8080631025416302
LGG,VAECox,8,0.8093480934809348
LGG,VAECox,9,0.7968056787932565
LIHC,CoxLasso,0,0.7108317214700194
LIHC,CoxLasso,1,0.57548032936871
LIHC,CoxLasso,2,0.7583756345177665
LIHC,CoxLasso,3,0.7662753468516542
LIHC,CoxLasso,4,0.7289586305278174
LIHC,CoxLasso,5,0.6842105263157895
LIHC,CoxLasso,6,0.732090284592738
LIHC,CoxLasso,7,0.6755602988260405
LIHC,CoxLasso,8,0.6625659050966608
LIHC,CoxLasso,9,0.6760797342192691
LIHC,CoxRidge,0,0.7108317214700194
LIHC,CoxRidge,1,0.5745654162854529
LIHC,CoxRidge,2,0.7563451776649747
LIHC,CoxRidge,3,0.7652081109925294
LIHC,CoxRidge,4,0.7289586305278174
LIHC,CoxRidge,5,0.6852035749751738
LIHC,CoxRidge,6,0.7311089303238469
LIHC,CoxRidge,7,0.6755602988260405
LIHC,CoxRidge,8,0.6625659050966608
LIHC,CoxRidge,9,0.6769102990033222
LIHC,Coxnnet,0,0.7059961315280464
LIHC,Coxnnet,1,0.666971637694419
LIHC,Coxnnet,2,0.7634517766497462
LIHC,Coxnnet,3,0.7449306296691569
LIHC,Coxnnet,4,0.6690442225392297
LIHC,Coxnnet,5,0.7269116186693148
LIHC,Coxnnet,6,0.7899901864573111
LIHC,Coxnnet,7,0.7150480256136607
LIHC,Coxnnet,8,0.7258347978910369
LIHC,Coxnnet,9,0.7433554817275747
LIHC,CoxMLP,0,0.6740812379110251
LIHC,CoxMLP,1,0.6322049405306496
LIHC,CoxMLP,2,0.7299492385786802
LIHC,CoxMLP,3,0.6979722518676628
LIHC,CoxMLP,4,0.5991440798858774
LIHC,CoxMLP,5,0.7368421052631579
LIHC,CoxMLP,6,0.7536800785083415
LIHC,CoxMLP,7,0.6093916755602988
LIHC,CoxMLP,8,0.7486818980667839
LIHC,CoxMLP,9,0.7483388704318937
LIHC,VAECox,0,0.7205029013539652
LIHC,VAECox,1,0.6514181152790485
LIHC,VAECox,2,0.766497461928934
LIHC,VAECox,3,0.7182497331910352
LIHC,VAECox,4,0.6904422253922967
LIHC,VAECox,5,0.7646474677259185
LIHC,VAECox,6,0.7566241413150148
LIHC,VAECox,7,0.7086446104589115
LIHC,VAECox,8,0.7407732864674869
LIHC,VAECox,9,0.7840531561461794
LUAD,CoxLasso,0,0.6591111111111111
LUAD,CoxLasso,1,0.5513895015438907
LUAD,CoxLasso,2,0.6272235112142305
LUAD,CoxLasso,3,0.6433476394849785
LUAD,CoxLasso,4,0.642354124748491
LUAD,CoxLasso,5,0.5801452784503632
LUAD,CoxLasso,6,0.5671021377672208
LUAD,CoxLasso,7,0.5981905268759978
LUAD,CoxLasso,8,0.5994222436206067
LUAD,CoxLasso,9,0.6209349593495935
LUAD,CoxRidge,0,0.6675555555555556
LUAD,CoxRidge,1,0.565063961182179
LUAD,CoxRidge,2,0.6094354215003867
LUAD,CoxRidge,3,0.6463519313304721
LUAD,CoxRidge,4,0.6373239436619719
LUAD,CoxRidge,5,0.6
LUAD,CoxRidge,6,0.5908551068883611
LUAD,CoxRidge,7,0.6045769026077701
LUAD,CoxRidge,8,0.6138661531054406
LUAD,CoxRidge,9,0.6199186991869918
LUAD,Coxnnet,0,0.6644444444444444
LUAD,Coxnnet,1,0.5619761799735333
LUAD,Coxnnet,2,0.6044083526682135
LUAD,Coxnnet,3,0.6540772532188841
LUAD,Coxnnet,4,0.6287726358148893
LUAD,Coxnnet,5,0.6169491525423729
LUAD,Coxnnet,6,0.6068883610451307
LUAD,Coxnnet,7,0.6482171367748802
LUAD,Coxnnet,8,0.613384689455946
LUAD,Coxnnet,9,0.6686991869918699
LUAD,CoxMLP,0,0.6493333333333333
LUAD,CoxMLP,1,0.5443317159241288
LUAD,CoxMLP,2,0.5680587780355761
LUAD,CoxMLP,3,0.6862660944206008
LUAD,CoxMLP,4,0.6408450704225352
LUAD,CoxMLP,5,0.6561743341404358
LUAD,CoxMLP,6,0.6781472684085511
LUAD,CoxMLP,7,0.6343799893560405
LUAD,CoxMLP,8,0.6562349542609534
LUAD,CoxMLP,9,0.6844512195121951
LUAD,VAECox,0,0.6631111111111111
LUAD,VAECox,1,0.6034406704896339
LUAD,VAECox,2,0.5862335653518949
LUAD,VAECox,3,0.6682403433476395
LUAD,VAECox,4,0.6544265593561368
LUAD,VAECox,5,0.6092009685230024
LUAD,VAECox,6,0.5991686460807601
LUAD,VAECox,7,0.6854709952102181
LUAD,VAECox,8,0.6682715454983149
LUAD,VAECox,9,0.665650406504065
LUSC,CoxLasso,0,0.5355171144644829
LUSC,CoxLasso,1,0.48863636363636365
LUSC,CoxLasso,2,0.5267734553775744
LUSC,CoxLasso,3,0.5431553592934565
LUSC,CoxLasso,4,0.4917431192660551
LUSC,CoxLasso,5,0.4872915011914218
LUSC,CoxLasso,6,0.4634713820381573
LUSC,CoxLasso,7,0.4709066305818674
LUSC,CoxLasso,8,0.4724770642201835
LUSC,CoxLasso,9,0.5773809523809523
LUSC,CoxRidge,0,0.5163783584836217
LUSC,CoxRidge,1,0.5011363636363636
LUSC,CoxRidge,2,0.4842105263157895
LUSC,CoxRidge,3,0.5375351264552388
LUSC,CoxRidge,4,0.5143730886850153
LUSC,CoxRidge,5,0.46505162827640983
LUSC,CoxRidge,6,0.4685900418799442
LUSC,CoxRidge,7,0.4330175913396482
LUSC,CoxRidge,8,0.5752293577981651
LUSC,CoxRidge,9,0.5357142857142857
LUSC,Coxnnet,0,0.5355171144644829
LUSC,Coxnnet,1,0.43522727272727274
LUSC,Coxnnet,2,0.48787185354691076
LUSC,Coxnnet,3,0.47852268165395423
LUSC,Coxnnet,4,0.4941896024464832
LUSC,Coxnnet,5,0.43050039714058774
LUSC,Coxnnet,6,0.46486738017682644
LUSC,Coxnnet,7,0.4754172304916554
LUSC,Coxnnet,8,0.49128440366972476
LUSC,Coxnnet,9,0.49074074074074076
LUSC,CoxMLP,0,0.5112256164887744
LUSC,CoxMLP,1,0.5306818181818181
LUSC,CoxMLP,2,0.5107551487414188
LUSC,CoxMLP,3,0.4961862705740666
LUSC,CoxMLP,4,0.46116207951070337
LUSC,CoxMLP,5,0.4996028594122319
LUSC,CoxMLP,6,0.48348068869241506
LUSC,CoxMLP,7,0.5308976093820478
LUSC,CoxMLP,8,0.5403669724770642
LUSC,CoxMLP,9,0.5201719576719577
LUSC,VAECox,0,0.5038645564961355
LUSC,VAECox,1,0.45606060606060606
LUSC,VAECox,2,0.5107551487414188
LUSC,VAECox,3,0.48334002408671217
LUSC,VAECox,4,0.5064220183486239
LUSC,VAECox,5,0.4988085782366958
LUSC,VAECox,6,0.49139134481154023
LUSC,VAECox,7,0.4961659900766802
LUSC,VAECox,8,0.5137614678899083
LUSC,VAECox,9,0.4937169312169312
OV,CoxLasso,0,0.6081229418221734
OV,CoxLasso,1,0.5945205479452055
OV,CoxLasso,2,0.6216216216216216
OV,CoxLasso,3,0.5490009514747859
OV,CoxLasso,4,0.5215723873441994
OV,CoxLasso,5,0.5709001233045623
OV,CoxLasso,6,0.5641025641025641
OV,CoxLasso,7,0.6254589963280294
OV,CoxLasso,8,0.5460852329038652
OV,CoxLasso,9,0.6171284634760705
OV,CoxRidge,0,0.6048298572996706
OV,CoxRidge,1,0.5972602739726027
OV,CoxRidge,2,0.6216216216216216
OV,CoxRidge,3,0.544243577545195
OV,CoxRidge,4,0.5196548418024928
OV,CoxRidge,5,0.5733662145499383
OV,CoxRidge,6,0.5641025641025641
OV,CoxRidge,7,0.6230110159118727
OV,CoxRidge,8,0.5500495540138751
OV,CoxRidge,9,0.6246851385390428
OV,Coxnnet,0,0.5916575192096597
OV,Coxnnet,1,0.6273972602739726
OV,Coxnnet,2,0.6448948948948949
OV,Coxnnet,3,0.5280685061845861
OV,Coxnnet,4,0.49952061361457334
OV,Coxnnet,5,0.5400739827373613
OV,Coxnnet,6,0.5528205128205128
OV,Coxnnet,7,0.5691554467564259
OV,Coxnnet,8,0.557978196233895
OV,Coxnnet,9,0.6486146095717884
OV,CoxMLP,0,0.6114160263446762
OV,CoxMLP,1,0.5963470319634703
OV,CoxMLP,2,0.6276276276276276
OV,CoxMLP,3,0.5585156993339676
OV,CoxMLP,4,0.5215723873441994
OV,CoxMLP,5,0.5635018495684341
OV,CoxMLP,6,0.5343589743589744
OV,CoxMLP,7,0.5716034271725826
OV,CoxMLP,8,0.5431119920713577
OV,CoxMLP,9,0.6234256926952141
OV,VAECox,0,0.6026344676180022
OV,VAECox,1,0.6292237442922375
OV,VAECox,2,0.6501501501501501
OV,VAECox,3,0.5651760228353948
OV,VAECox,4,0.5714285714285714
OV,VAECox,5,0.5561035758323057
OV,VAECox,6,0.5384615384615384
OV,VAECox,7,0.6242350061199511
OV,VAECox,8,0.49157581764122893
OV,VAECox,9,0.6347607052896725
STAD,CoxLasso,0,0.5633626097867002
STAD,CoxLasso,1,0.484472049689441
STAD,CoxLasso,2,0.5312724658519051
STAD,CoxLasso,3,0.37875939849624063
STAD,CoxLasso,4,0.4886113152094049
STAD,CoxLasso,5,0.5480153649167734
STAD,CoxLasso,6,0.4913669064748201
STAD,CoxLasso,7,0.5450746268656717
STAD,CoxLasso,8,0.49158249158249157
STAD,CoxLasso,9,0.5749216300940438
STAD,CoxRidge,0,0.5639899623588457
STAD,CoxRidge,1,0.549344375431332
STAD,CoxRidge,2,0.5132997843278218
STAD,CoxRidge,3,0.37593984962406013
STAD,CoxRidge,4,0.4790595150624541
STAD,CoxRidge,5,0.4910371318822023
STAD,CoxRidge,6,0.5194244604316547
STAD,CoxRidge,7,0.5492537313432836
STAD,CoxRidge,8,0.5042087542087542
STAD,CoxRidge,9,0.5786833855799373
STAD,Coxnnet,0,0.5765370138017566
STAD,Coxnnet,1,0.5562456866804693
STAD,Coxnnet,2,0.5535585909417685
STAD,Coxnnet,3,0.3167293233082707
STAD,Coxnnet,4,0.5121234386480529
STAD,Coxnnet,5,0.5115236875800256
STAD,Coxnnet,6,0.5690647482014388
STAD,Coxnnet,7,0.5773134328358209
STAD,Coxnnet,8,0.5067340067340067
STAD,Coxnnet,9,0.6263322884012539
STAD,CoxMLP,0,0.5181932245922208
STAD,CoxMLP,1,0.5072463768115942
STAD,CoxMLP,2,0.47088425593098493
STAD,CoxMLP,3,0.3956766917293233
STAD,CoxMLP,4,0.5540044085231447
STAD,CoxMLP,5,0.499359795134443
STAD,CoxMLP,6,0.5884892086330935
STAD,CoxMLP,7,0.48955223880597015
STAD,CoxMLP,8,0.4739057239057239
STAD,CoxMLP,9,0.5855799373040752
STAD,VAECox,0,0.5558343789209536
STAD,VAECox,1,0.5693581780538303
STAD,VAECox,2,0.5147375988497483
STAD,VAECox,3,0.40131578947368424
STAD,VAECox,4,0.5767817781043351
STAD,VAECox,5,0.5147247119078106
STAD,VAECox,6,0.564748201438849
STAD,VAECox,7,0.5295522388059701
STAD,VAECox,8,0.4941077441077441
STAD,VAECox,9,0.6539184952978057
